"film_id","category_id","title","rental_rate","rental_duration","revenue"
879,12,"Telegraph Voyage","4.99",3,"215.75"
1000,5,"Zorro Ark","4.99",3,"199.72"
973,6,"Wife Turn","4.99",3,"198.73"
460,9,"Innocent Usual","4.99",3,"191.74"
444,5,"Hustler Party","4.99",3,"190.78"
764,15,"Saturday Lambs","4.99",3,"190.74"
893,14,"Titans Jerk","4.99",4,"186.73"
403,7,"Harry Idaho","4.99",5,"177.73"
897,7,"Torque Bound","4.99",3,"169.76"
239,2,"Dogma Family","4.99",5,"168.72"
670,6,"Pelican Comforts","4.99",4,"165.77"
369,14,"Goodfellas Salute","4.99",4,"164.75"
327,1,"Fool Mockingbird","4.99",3,"162.79"
31,8,"Apache Divine","4.99",5,"160.72"
284,12,"Enemy Odds","4.99",5,"159.75"
127,5,"Cat Coneheads","4.99",5,"159.73"
771,7,"Scorpion Apollo","4.99",3,"158.79"
715,8,"Range Moonwalker","4.99",3,"158.77"
767,12,"Scalawag Duck","4.99",6,"157.71"
865,2,"Sunrise League","4.99",3,"155.78"
527,11,"Lola Agent","4.99",4,"154.77"
551,13,"Maiden Home","4.99",3,"152.78"
938,5,"Velvet Terminator","4.99",3,"152.77"
159,5,"Closer Bang","4.99",5,"152.76"
103,16,"Bucket Brotherhood","4.99",7,"150.72"
846,13,"Sting Personal","4.99",3,"149.80"
892,2,"Titanic Boondock","4.99",3,"149.78"
563,10,"Massacre Usual","4.99",6,"149.75"
624,10,"Nightmare Chill","4.99",3,"148.79"
941,10,"Videotape Arsenic","4.99",4,"148.76"
21,1,"American Circus","4.99",3,"146.81"
979,7,"Witches Panic","4.99",6,"146.75"
791,6,"Show Lord","4.99",3,"145.78"
579,1,"Minds Truman","4.99",3,"144.81"
989,16,"Working Microcosmos","4.99",4,"144.78"
985,14,"Wonderland Christmas","4.99",4,"142.79"
408,10,"Head Stranger","4.99",4,"142.79"
972,14,"Whisperer Giant","4.99",4,"141.80"
330,2,"Forrester Comancheros","4.99",7,"141.74"
48,3,"Backlash Undefeated","4.99",3,"140.84"
244,12,"Dorado Notting","4.99",5,"140.78"
86,12,"Boogie Amelie","4.99",6,"140.74"
778,8,"Secrets Paradise","4.99",3,"139.82"
580,13,"Mine Titans","4.99",3,"138.83"
683,7,"Pity Bound","4.99",5,"138.77"
838,1,"Stagecoach Armageddon","4.99",5,"138.77"
856,11,"Streetcar Intentions","4.99",5,"137.77"
745,15,"Roses Treasure","4.99",5,"137.77"
307,16,"Fellowship Autumn","4.99",6,"137.76"
843,4,"Steel Santa","4.99",4,"136.78"
174,12,"Confidential Interview","4.99",6,"136.76"
911,1,"Trip Newton","4.99",7,"135.74"
324,5,"Flintstones Happiness","4.99",3,"134.83"
350,14,"Garden Island","4.99",3,"134.82"
267,13,"Eagles Panky","4.99",4,"134.81"
861,10,"Suit Walls","4.99",3,"134.81"
320,13,"Flamingos Connecticut","4.99",4,"134.78"
45,13,"Attraction Newton","4.99",5,"133.78"
902,15,"Trading Pinocchio","4.99",6,"133.77"
271,1,"Easy Gladiator","4.99",5,"132.80"
409,3,"Heartbreakers Bright","4.99",3,"132.80"
263,15,"Durham Panky","4.99",6,"132.76"
596,10,"Moonshine Cabin","4.99",4,"131.80"
614,10,"Name Detective","4.99",5,"131.78"
253,1,"Drifter Commandments","4.99",5,"131.78"
10,15,"Aladdin Calendar","4.99",6,"131.77"
521,7,"Lies Treatment","4.99",7,"131.76"
172,7,"Coneheads Smoochy","4.99",7,"131.76"
575,6,"Midsummer Groundhog","4.99",3,"129.82"
227,10,"Details Packer","4.99",4,"128.82"
706,7,"Queen Luke","4.99",5,"128.79"
898,15,"Tourist Pelican","4.99",4,"126.81"
755,3,"Sabrina Midnight","4.99",5,"126.79"
518,16,"Liaisons Sweet","4.99",5,"126.79"
500,9,"Kiss Glory","4.99",5,"126.79"
775,7,"Seattle Expecations","4.99",4,"125.80"
61,7,"Beauty Grease","4.99",5,"125.79"
603,8,"Movie Shakespeare","4.99",6,"125.78"
361,15,"Gleaming Jawbreaker","2.99",5,"125.72"
135,15,"Chance Resurrection","2.99",3,"124.76"
112,9,"Calendar Gunfight","4.99",4,"123.82"
412,6,"Heavyweights Beast","4.99",6,"123.78"
763,15,"Satisfaction Confidential","4.99",3,"122.84"
995,11,"Yentl Idaho","4.99",5,"122.79"
167,16,"Coma Head","4.99",6,"122.77"
131,4,"Center Dinosaur","4.99",5,"121.79"
804,11,"Sleeping Suspects","4.99",7,"121.78"
698,6,"Princess Giant","2.99",3,"121.77"
702,11,"Pulp Beverly","2.99",4,"121.74"
215,10,"Dawn Pond","4.99",4,"120.83"
501,1,"Kissing Dolls","4.99",3,"120.83"
818,7,"Something Duck","4.99",4,"120.82"
908,9,"Trap Guys","4.99",3,"119.85"
680,5,"Pinocchio Simon","4.99",4,"119.82"
710,8,"Rage Games","4.99",4,"119.81"
73,14,"Bingo Talented","2.99",5,"119.75"
243,2,"Doors President","4.99",3,"118.82"
222,11,"Desert Poseidon","4.99",4,"118.81"
556,10,"Maltese Hope","4.99",6,"118.79"
869,1,"Suspects Quills","2.99",4,"118.73"
313,11,"Fidelity Devil","4.99",5,"117.82"
814,5,"Snatch Slipper","4.99",6,"117.80"
415,11,"High Encino","2.99",3,"117.79"
964,1,"Waterfront Deliverance","4.99",4,"116.84"
572,14,"Metropolis Coma","2.99",4,"116.76"
621,8,"Network Peak","2.99",5,"116.73"
439,7,"Hunchback Impossible","4.99",4,"115.83"
734,6,"Road Roxanne","4.99",4,"115.83"
334,11,"Freddy Storm","4.99",6,"115.79"
69,14,"Beverly Outlaw","2.99",3,"115.79"
183,8,"Conversation Downhill","4.99",4,"114.83"
129,6,"Cause Date","2.99",3,"114.81"
971,9,"Whale Bikini","4.99",4,"113.85"
506,11,"Lady Stage","4.99",4,"113.84"
720,13,"Redemption Comforts","2.99",3,"113.80"
857,5,"Strictly Scarface","2.99",3,"113.77"
777,15,"Secretary Rouge","4.99",5,"112.82"
6,9,"Agent Truman","2.99",3,"111.81"
590,13,"Money Harold","2.99",3,"111.80"
117,10,"Candles Grapes","4.99",6,"111.80"
583,2,"Mission Zoolander","4.99",3,"110.84"
465,13,"Interview Liaisons","4.99",4,"110.82"
694,4,"Prejudice Oleander","4.99",6,"110.81"
730,13,"Ridgemont Submarine","0.99",3,"110.72"
878,16,"Teen Apollo","4.99",3,"109.86"
785,16,"Shawshank Bubble","4.99",6,"109.81"
433,2,"Horn Working","2.99",4,"109.77"
35,11,"Arachnophobia Rollercoaster","2.99",4,"109.77"
109,13,"Butterfly Chocolat","0.99",3,"108.74"
170,9,"Command Darling","4.99",5,"107.84"
354,3,"Ghost Groundhog","4.99",6,"107.81"
676,15,"Philadelphia Wife","4.99",7,"107.80"
768,3,"Scarface Bang","4.99",3,"106.84"
100,9,"Brooklyn Desert","4.99",7,"106.81"
827,7,"Spice Sorority","4.99",5,"106.81"
300,2,"Falcon Volume","4.99",5,"106.81"
946,8,"Virtual Spoilers","4.99",3,"105.87"
346,4,"Galaxy Sweethearts","4.99",4,"105.84"
512,4,"League Hellfighters","4.99",5,"105.83"
139,8,"Chasing Fight","4.99",7,"105.82"
725,4,"Requiem Tycoon","4.99",6,"105.82"
255,12,"Driving Polish","4.99",6,"105.81"
776,6,"Secret Groundhog","4.99",6,"105.81"
723,14,"Reign Gentlemen","2.99",3,"105.81"
162,1,"Clueless Bucket","2.99",4,"105.77"
854,11,"Strangers Graffiti","4.99",4,"104.86"
95,13,"Breakfast Goldfinger","4.99",5,"104.84"
484,4,"Jerk Paycheck","2.99",3,"104.81"
915,1,"Truman Crazy","4.99",7,"104.80"
961,9,"Wash Heavenly","4.99",7,"104.80"
37,4,"Arizona Bang","2.99",3,"104.79"
397,14,"Hanky October","2.99",5,"104.77"
919,10,"Tycoon Gathering","4.99",3,"103.88"
578,4,"Million Ace","4.99",4,"103.83"
805,2,"Sleepless Monsoon","4.99",5,"103.83"
637,14,"Open African","4.99",7,"103.81"
25,13,"Angels Life","2.99",3,"103.80"
199,6,"Cupboard Sinners","2.99",4,"103.78"
378,12,"Greatest North","2.99",5,"103.73"
77,13,"Birds Perdition","4.99",5,"102.83"
922,11,"Undefeated Dalmations","4.99",7,"102.81"
823,1,"South Wait","2.99",4,"102.79"
331,10,"Forward Temple","2.99",6,"102.74"
891,4,"Timberland Sky","0.99",3,"102.74"
666,7,"Paycheck Wait","4.99",4,"101.84"
44,14,"Attacks Hate","4.99",5,"101.84"
871,5,"Sweden Shining","4.99",6,"101.83"
294,16,"Expecations Natural","4.99",5,"101.83"
760,13,"Samurai Lion","2.99",5,"101.76"
895,4,"Tomorrow Hustler","2.99",3,"101.76"
691,15,"Poseidon Forever","4.99",6,"100.83"
468,3,"Invasion Cyclone","2.99",5,"100.74"
356,3,"Giant Troopers","2.99",5,"100.74"
175,8,"Confused Candles","2.99",3,"99.84"
845,9,"Stepmom Dream","4.99",7,"99.81"
502,5,"Knock Warlock","2.99",4,"99.79"
285,14,"English Bulworth","0.99",3,"99.74"
392,3,"Hall Cassidy","4.99",5,"98.84"
274,6,"Egg Igby","2.99",4,"98.81"
101,6,"Brotherhood Blanket","0.99",3,"98.77"
887,2,"Thief Pelican","4.99",5,"97.84"
476,8,"Jason Trap","2.99",5,"97.77"
382,10,"Grit Clockwork","0.99",3,"97.72"
738,9,"Rocketeer Mother","0.99",3,"97.72"
789,9,"Shock Cabin","2.99",7,"96.71"
483,10,"Jericho Mulan","2.99",3,"95.84"
456,2,"Inch Jet","4.99",6,"95.82"
759,13,"Salute Apollo","2.99",4,"95.80"
349,2,"Gangs Pride","2.99",4,"95.78"
445,4,"Hyde Doctor","2.99",5,"95.76"
71,8,"Bilko Anonymous","4.99",3,"94.88"
365,5,"Gold River","4.99",4,"94.86"
570,15,"Mermaid Insects","4.99",5,"94.85"
336,6,"French Holiday","4.99",5,"94.84"
370,3,"Gorgeous Bingo","2.99",4,"94.83"
668,15,"Peak Forever","4.99",7,"94.82"
304,3,"Fargo Gandhi","2.99",3,"94.79"
665,11,"Patton Interview","2.99",4,"94.79"
319,14,"Fish Opus","2.99",4,"94.78"
295,6,"Expendable Stallion","0.99",3,"94.74"
835,10,"Spy Mile","2.99",6,"94.73"
216,13,"Day Unfaithful","4.99",3,"93.88"
859,2,"Sugar Wonka","4.99",3,"93.85"
678,15,"Pickup Driving","2.99",3,"93.85"
59,3,"Bear Graceland","2.99",4,"93.81"
114,14,"Camelot Vacation","0.99",3,"93.76"
873,3,"Sweethearts Suspects","0.99",3,"93.73"
969,7,"West Lion","4.99",4,"92.86"
396,7,"Hanging Deep","4.99",5,"92.85"
184,4,"Core Suit","2.99",3,"92.84"
486,9,"Jet Neighbors","4.99",7,"92.83"
414,9,"Hellfighters Sierra","2.99",3,"92.81"
305,13,"Fatal Haunted","2.99",6,"92.77"
798,14,"Silverado Goldfinger","4.99",4,"91.88"
226,13,"Destiny Saturday","4.99",4,"91.85"
51,12,"Balloon Homeward","2.99",5,"91.78"
260,15,"Dude Blindness","4.99",3,"90.87"
980,12,"Wizard Coldblooded","4.99",4,"90.85"
447,10,"Ice Crossing","2.99",5,"90.78"
704,5,"Pure Runner","2.99",3,"89.85"
165,14,"Coldblooded Darling","4.99",7,"89.84"
451,16,"Igby Maker","4.99",7,"89.83"
930,14,"Vacation Boondock","2.99",4,"89.81"
739,7,"Rocky War","4.99",4,"88.87"
568,5,"Memento Zoolander","4.99",4,"88.87"
116,4,"Candidate Perdition","2.99",4,"88.82"
571,6,"Metal Armageddon","2.99",6,"88.79"
880,2,"Telemark Heartbreakers","2.99",6,"88.76"
450,3,"Idols Snatchers","2.99",5,"88.76"
65,11,"Behavior Runaway","4.99",3,"87.89"
98,7,"Bright Encounters","4.99",4,"87.88"
321,13,"Flash Wars","4.99",3,"87.88"
446,15,"Hysterical Grail","4.99",5,"87.85"
212,1,"Darn Forrester","4.99",7,"87.83"
57,16,"Basic Easy","2.99",4,"87.80"
649,2,"Oz Liaisons","2.99",4,"87.78"
166,4,"Color Philadelphia","2.99",6,"87.78"
654,10,"Panky Submarine","4.99",4,"86.88"
8,11,"Airport Pollock","4.99",6,"86.85"
944,7,"Virgin Daisy","4.99",6,"86.84"
803,7,"Slacker Liaisons","4.99",7,"86.84"
773,15,"Seabiscuit Punk","2.99",6,"86.76"
609,16,"Muscle Bright","2.99",7,"86.73"
489,2,"Juggler Hardly","0.99",4,"86.71"
203,14,"Daisy Menagerie","4.99",5,"85.86"
844,15,"Steers Armageddon","4.99",6,"85.85"
735,3,"Robbers Joon","2.99",7,"85.74"
179,7,"Conquerer Nuts","4.99",4,"84.87"
141,10,"Chicago North","4.99",6,"84.85"
772,7,"Sea Virgin","2.99",4,"84.81"
15,9,"Alien Center","2.99",5,"84.80"
55,14,"Barbarella Streetcar","2.99",6,"84.78"
559,14,"Married Go","2.99",7,"84.74"
682,8,"Pittsburgh Hunchback","4.99",4,"83.89"
757,6,"Sagebrush Clueless","2.99",4,"83.86"
655,14,"Panther Reds","4.99",5,"83.86"
532,15,"Loser Hustler","4.99",5,"83.86"
265,5,"Dying Maker","4.99",5,"83.85"
329,1,"Forrest Sons","2.99",4,"83.83"
841,15,"Star Operation","2.99",5,"83.80"
4,11,"Affair Prejudice","2.99",5,"83.79"
644,2,"Oscar Gold","2.99",7,"83.75"
611,4,"Musketeers Wait","4.99",7,"82.85"
7,5,"Airplane Sierra","4.99",6,"82.85"
421,9,"Holiday Games","4.99",7,"82.85"
123,16,"Casablanca Super","4.99",6,"82.84"
443,5,"Hurricane Affair","2.99",6,"82.77"
662,7,"Paths Control","4.99",3,"81.90"
398,12,"Hanover Galaxy","4.99",5,"81.86"
115,1,"Campus Remember","2.99",5,"81.83"
753,8,"Rush Goodfellas","0.99",3,"81.72"
667,15,"Peach Innocent","2.99",3,"80.86"
251,13,"Dragonfly Strangers","4.99",6,"80.86"
438,10,"Human Graffiti","2.99",3,"80.85"
643,7,"Orient Closer","2.99",3,"80.83"
936,12,"Vanishing Rocky","2.99",3,"80.83"
958,7,"Wardrobe Phantom","2.99",6,"80.77"
638,5,"Operation Operation","2.99",7,"80.75"
272,7,"Edge Kissing","4.99",5,"79.87"
68,3,"Betrayed Rear","4.99",5,"79.87"
70,2,"Bikini Borrowers","4.99",7,"79.86"
121,2,"Carol Texas","2.99",4,"79.83"
657,5,"Paradise Sabrina","2.99",5,"79.82"
852,3,"Strangelove Desire","0.99",4,"79.78"
625,14,"None Spiking","0.99",3,"79.75"
867,8,"Super Wyoming","4.99",5,"78.88"
858,5,"Submarine Bed","4.99",5,"78.87"
749,11,"Rules Human","4.99",6,"78.87"
385,5,"Groundhog Uncut","4.99",6,"78.86"
229,1,"Devil Desire","4.99",6,"78.86"
481,13,"Jekyll Frogmen","2.99",4,"78.84"
464,2,"Intentions Empire","2.99",3,"78.83"
608,3,"Murder Antitrust","2.99",6,"78.79"
78,2,"Blackout Private","2.99",7,"78.77"
220,12,"Deer Virginian","2.99",7,"78.76"
181,16,"Contact Anonymous","2.99",7,"78.76"
901,2,"Tracy Cider","0.99",3,"78.76"
711,14,"Raging Airplane","4.99",4,"77.88"
190,4,"Creepers Kane","4.99",5,"77.87"
708,6,"Quills Bull","4.99",4,"77.87"
628,15,"Northwest Polish","2.99",5,"77.82"
326,2,"Flying Hook","2.99",6,"77.81"
402,2,"Harper Dying","0.99",3,"77.80"
707,1,"Quest Mussolini","2.99",5,"77.80"
154,2,"Clash Freddy","2.99",6,"77.77"
234,14,"Disturbing Scarface","2.99",6,"77.77"
434,16,"Horror Reign","0.99",3,"77.75"
531,9,"Lose Inch","0.99",3,"77.74"
917,15,"Tuxedo Mile","2.99",3,"76.87"
588,3,"Model Fish","4.99",4,"76.87"
956,10,"Wanda Chamber","4.99",7,"76.86"
453,15,"Image Princess","2.99",3,"76.86"
381,10,"Grinch Massage","4.99",7,"76.86"
510,2,"Lawless Vision","4.99",6,"76.86"
50,8,"Baked Cleopatra","2.99",3,"76.85"
806,13,"Sleepy Japanese","2.99",4,"76.83"
616,6,"National Story","2.99",4,"76.83"
920,13,"Unbreakable Karate","0.99",3,"76.81"
782,15,"Shakespeare Saddle","2.99",6,"76.80"
49,14,"Badman Dawn","2.99",6,"76.79"
471,4,"Island Exorcist","2.99",7,"76.77"
177,14,"Connecticut Tramp","4.99",4,"75.89"
597,10,"Moonwalker Fool","4.99",5,"75.89"
219,6,"Deep Crusade","4.99",6,"75.87"
774,5,"Searchers Wait","2.99",3,"75.86"
420,15,"Holes Brannigan","4.99",7,"75.86"
820,2,"Sons Interview","2.99",3,"75.85"
83,8,"Blues Instinct","2.99",5,"75.82"
912,14,"Trojan Tomorrow","2.99",3,"75.82"
43,8,"Atlantis Cause","2.99",6,"75.79"
554,4,"Malkovich Pet","2.99",6,"75.77"
46,10,"Autumn Crow","4.99",3,"74.90"
74,12,"Birch Antitrust","4.99",4,"74.89"
455,9,"Impossible Prejudice","4.99",7,"74.86"
542,1,"Lust Lock","2.99",3,"74.82"
322,15,"Flatliners Killer","2.99",5,"74.81"
193,2,"Crossroads Casualties","2.99",5,"74.80"
288,16,"Escape Metropolis","2.99",7,"74.77"
341,4,"Frost Head","0.99",5,"74.72"
888,6,"Thin Sagebrush","4.99",5,"73.89"
113,15,"California Birds","4.99",4,"73.89"
686,13,"Pluto Oleander","4.99",5,"73.87"
648,16,"Outlaw Hanky","4.99",7,"73.86"
987,12,"Words Hunter","2.99",3,"73.86"
953,2,"Wait Cider","0.99",3,"73.82"
302,10,"Fantasia Park","2.99",5,"73.81"
252,1,"Dream Pickup","2.99",6,"73.80"
391,8,"Half Outfield","2.99",6,"73.79"
210,1,"Darko Dorado","4.99",3,"72.90"
432,4,"Hope Tootsie","2.99",4,"72.83"
67,1,"Berets Agent","2.99",5,"72.80"
247,5,"Downhill Enough","0.99",3,"72.79"
151,14,"Cincinatti Whisperer","4.99",5,"71.89"
9,11,"Alabama Devil","2.99",3,"71.88"
81,14,"Blindness Gun","4.99",6,"71.87"
473,7,"Jacket Frisco","2.99",5,"71.84"
967,14,"Weekend Personal","2.99",5,"71.83"
966,6,"Wedding Apollo","0.99",3,"71.79"
173,7,"Confessions Maguire","4.99",7,"70.87"
480,4,"Jeepers Wedding","2.99",3,"70.87"
765,5,"Saturn Name","4.99",7,"70.87"
308,5,"Ferris Mother","2.99",3,"70.85"
724,8,"Remember Diary","2.99",5,"70.83"
914,16,"Trouble Date","2.99",6,"70.81"
353,9,"Gentlemen Stage","2.99",6,"70.80"
645,16,"Others Soup","2.99",7,"70.80"
22,13,"Amistad Midsummer","2.99",6,"70.79"
555,5,"Mallrats United","0.99",4,"70.78"
889,3,"Ties Hunger","4.99",3,"69.91"
214,3,"Daughter Madigan","4.99",3,"69.91"
60,4,"Beast Hunchback","4.99",3,"69.90"
933,13,"Vampire Whale","4.99",4,"69.89"
169,16,"Comforts Rush","2.99",3,"69.85"
463,15,"Instinct Airport","2.99",4,"69.83"
323,15,"Flight Lies","4.99",7,"68.88"
968,1,"Werewolf Lola","4.99",6,"68.88"
448,13,"Idaho Love","2.99",3,"68.85"
298,14,"Eyes Driving","2.99",4,"68.84"
99,5,"Bringing Hysterical","2.99",7,"68.81"
418,7,"Hobbit Alien","0.99",5,"68.74"
20,12,"Amelie Hellfighters","4.99",4,"67.90"
519,15,"Liberty Magnificent","2.99",3,"67.89"
231,8,"Dinosaur Secretary","2.99",7,"67.81"
366,7,"Goldfinger Sensibility","0.99",3,"67.79"
491,3,"Jumping Wrath","0.99",4,"67.79"
374,14,"Graffiti Love","0.99",3,"67.74"
748,1,"Rugrats Shakespeare","0.99",4,"67.72"
120,15,"Caribbean Liberty","4.99",3,"66.92"
918,3,"Twisted Pirates","4.99",4,"66.89"
207,9,"Dangerous Uptown","4.99",7,"66.88"
426,12,"Home Pity","4.99",7,"66.88"
661,9,"Past Suicides","4.99",5,"66.88"
137,14,"Charade Duffel","2.99",3,"66.87"
84,16,"Boiled Dares","4.99",7,"66.87"
999,3,"Zoolander Fiction","2.99",5,"66.85"
991,1,"Worst Banger","2.99",4,"66.85"
275,11,"Egypt Tenenbaums","0.99",3,"66.84"
986,2,"Wonka Sea","2.99",6,"66.82"
689,9,"Pollock Deliverance","2.99",5,"66.82"
853,3,"Stranger Strangers","4.99",3,"65.90"
133,12,"Chamber Italian","4.99",7,"65.88"
929,9,"Usual Untouchables","4.99",5,"65.88"
957,9,"War Notting","4.99",7,"65.88"
529,5,"Lonely Elephant","2.99",3,"65.87"
138,14,"Chariots Conspiracy","2.99",5,"65.81"
437,8,"House Dynamite","2.99",7,"65.80"
816,2,"Snowman Rollercoaster","0.99",3,"65.79"
545,9,"Madness Attacks","0.99",4,"65.77"
312,14,"Fiddler Lost","4.99",4,"64.90"
277,11,"Elephant Trojan","4.99",4,"64.90"
389,15,"Gunfighter Mussolini","2.99",3,"64.89"
544,6,"Madison Trap","2.99",4,"64.87"
236,10,"Divine Resurrection","2.99",4,"64.85"
870,11,"Swarm Gold","0.99",4,"64.77"
202,5,"Daddy Pittsburgh","4.99",5,"63.89"
28,5,"Anthem Luke","4.99",5,"63.89"
599,15,"Mother Oleander","0.99",3,"63.87"
72,6,"Bill Others","2.99",6,"63.82"
134,2,"Champion Flatliners","4.99",4,"62.90"
347,16,"Games Bowfinger","4.99",7,"62.88"
536,4,"Lovely Jingle","2.99",3,"62.87"
693,2,"Potter Connecticut","2.99",5,"62.85"
716,11,"Reap Unfaithful","2.99",6,"62.84"
351,11,"Gaslight Crusade","2.99",4,"62.84"
254,15,"Driver Annie","2.99",4,"62.84"
619,15,"Neighbors Charade","0.99",3,"62.83"
514,7,"Lebowski Soldiers","2.99",6,"62.82"
993,3,"Wrong Behavior","2.99",6,"62.80"
228,4,"Detective Vision","0.99",4,"62.76"
525,4,"Loathing Legally","0.99",4,"62.74"
126,1,"Casualties Encino","4.99",3,"61.92"
994,13,"Wyoming Storm","4.99",6,"61.89"
17,12,"Alone Trip","0.99",3,"61.83"
462,12,"Insider Arizona","2.99",5,"61.83"
690,2,"Pond Seattle","2.99",7,"61.82"
235,14,"Divide Monster","2.99",6,"61.80"
292,1,"Excitement Eve","0.99",3,"61.80"
641,9,"Orange Grapes","0.99",4,"61.78"
824,8,"Spartacus Cheaper","4.99",4,"60.91"
640,9,"Opus Ice","4.99",5,"60.90"
626,3,"Noon Papi","2.99",5,"60.85"
269,8,"Earring Instinct","0.99",3,"60.83"
800,11,"Sinners Atlantis","2.99",7,"60.81"
266,4,"Dynamite Tarzan","0.99",4,"60.77"
301,11,"Family Sweet","0.99",4,"60.73"
499,8,"King Evolution","4.99",3,"59.92"
487,4,"Jingle Sagebrush","4.99",6,"59.89"
88,16,"Born Spinal","4.99",7,"59.88"
478,5,"Jaws Harry","2.99",4,"59.87"
620,14,"Nemo Campus","2.99",5,"59.86"
557,8,"Manchurian Curtain","2.99",5,"59.86"
42,15,"Artist Coldblooded","2.99",5,"59.86"
429,15,"Honey Ties","0.99",3,"59.84"
158,12,"Clones Pinocchio","2.99",6,"59.83"
56,1,"Barefoot Manchurian","2.99",6,"59.83"
428,8,"Homicide Peach","2.99",6,"59.82"
811,16,"Smile Earring","2.99",4,"58.90"
872,16,"Sweet Brotherhood","2.99",3,"58.89"
615,2,"Nash Chocolat","2.99",6,"58.87"
242,5,"Doom Dancing","0.99",4,"58.83"
344,3,"Fury Murder","0.99",3,"58.83"
142,6,"Chicken Hellfighters","0.99",3,"58.81"
311,9,"Fiction Christmas","0.99",4,"58.81"
651,2,"Packer Madigan","0.99",3,"58.80"
417,1,"Hills Neighbors","0.99",5,"58.79"
633,4,"October Submarine","4.99",6,"57.90"
508,10,"Lambs Cincinatti","4.99",6,"57.90"
881,11,"Temple Attraction","4.99",5,"57.90"
796,15,"Sierra Divide","0.99",3,"57.85"
317,5,"Fireball Philadelphia","0.99",4,"57.81"
93,13,"Brannigan Sunrise","4.99",4,"56.91"
276,5,"Element Freddy","4.99",6,"56.90"
342,16,"Fugitive Maguire","4.99",7,"56.89"
564,2,"Massage Image","2.99",4,"56.89"
567,9,"Meet Chocolate","2.99",3,"56.89"
92,11,"Bowfinger Gables","4.99",7,"56.89"
639,8,"Opposite Necklace","4.99",7,"56.89"
916,2,"Turn Star","2.99",3,"56.88"
449,14,"Identity Lover","2.99",4,"56.88"
90,13,"Boulevard Mob","0.99",3,"56.84"
189,10,"Creatures Shakespeare","0.99",3,"56.84"
150,6,"Cider Desire","2.99",7,"56.83"
733,15,"River Outlaw","0.99",4,"56.82"
245,2,"Double Wrath","0.99",4,"56.79"
376,9,"Grapes Fury","0.99",4,"56.77"
842,10,"State Wasteland","2.99",4,"55.89"
24,11,"Analyze Hoosiers","2.99",6,"55.86"
58,6,"Beach Heartbreakers","2.99",6,"55.86"
606,15,"Mummy Creatures","0.99",3,"55.85"
380,9,"Greek Everyone","2.99",7,"55.83"
851,15,"Straight Hours","0.99",3,"55.81"
548,4,"Magnificent Chitty","2.99",3,"54.92"
591,10,"Monsoon Cause","4.99",6,"54.91"
537,4,"Lover Truman","2.99",3,"54.91"
13,11,"Ali Forever","4.99",4,"54.91"
709,7,"Racer Egg","2.99",7,"54.83"
204,7,"Dalmations Sweden","0.99",4,"54.82"
647,12,"Outfield Massacre","0.99",4,"54.82"
890,15,"Tights Dawn","0.99",5,"54.76"
338,14,"Frisco Forrest","4.99",6,"53.91"
75,16,"Bird Independence","4.99",6,"53.91"
632,13,"Nuts Ties","4.99",5,"53.91"
152,3,"Circus Youth","2.99",5,"53.86"
474,15,"Jade Bunch","2.99",6,"53.85"
672,5,"Perfect Groove","2.99",7,"53.84"
314,2,"Fight Jawbreaker","0.99",3,"53.80"
586,1,"Mockingbird Hollywood","0.99",4,"53.78"
2,11,"Ace Goldfinger","4.99",3,"52.93"
390,14,"Guys Falcon","4.99",4,"52.92"
934,10,"Vanilla Day","4.99",7,"52.91"
246,9,"Doubtfire Labyrinth","4.99",5,"52.91"
780,8,"Sensibility Rear","4.99",7,"52.90"
731,4,"Right Cranes","4.99",7,"52.90"
705,9,"Purple Movie","2.99",4,"52.88"
783,16,"Shane Darkness","2.99",5,"52.87"
664,1,"Patriot Roman","2.99",6,"52.85"
975,8,"Willow Tracy","2.99",6,"52.85"
358,4,"Gilmore Boiled","0.99",5,"52.76"
653,11,"Panic Club","4.99",3,"51.93"
627,6,"North Tequila","4.99",4,"51.91"
679,8,"Pilot Hoosiers","2.99",6,"51.86"
746,10,"Rouge Squad","0.99",3,"51.84"
286,16,"Enough Raging","2.99",7,"51.84"
601,16,"Moulin Wake","0.99",4,"51.84"
23,2,"Anaconda Confessions","0.99",3,"51.82"
494,11,"Karate Moon","0.99",4,"51.80"
145,8,"Chisum Behavior","4.99",5,"50.90"
469,4,"Iron Moon","4.99",7,"50.90"
533,9,"Lost Bird","2.99",4,"50.90"
977,16,"Window Side","2.99",3,"50.89"
728,7,"Reunion Witches","0.99",3,"50.82"
26,14,"Annie Identity","0.99",3,"50.81"
863,14,"Sun Confessions","0.99",5,"50.77"
395,1,"Handicap Boondock","0.99",4,"50.76"
91,4,"Bound Cheaper","0.99",5,"50.76"
293,15,"Exorcist Sting","2.99",6,"49.88"
932,5,"Valley Packer","0.99",3,"49.88"
561,13,"Mask Peach","2.99",6,"49.86"
410,5,"Heaven Freedom","2.99",7,"49.85"
631,15,"Novocaine Flight","0.99",4,"49.82"
147,8,"Chocolat Harry","0.99",5,"49.81"
206,6,"Dancing Fever","0.99",6,"49.76"
659,1,"Park Citizen","4.99",3,"48.94"
371,1,"Gosford Donnie","4.99",5,"48.92"
543,16,"Madigan Dorado","4.99",5,"48.92"
587,6,"Mod Secretary","4.99",6,"48.91"
729,15,"Rider Caddyshack","2.99",5,"48.89"
592,12,"Monster Spartacus","2.99",6,"48.86"
937,13,"Varsity Trip","2.99",7,"48.84"
737,11,"Rock Instinct","0.99",4,"48.83"
496,16,"Kick Savannah","0.99",3,"48.83"
807,10,"Sleuth Orient","0.99",4,"48.81"
810,8,"Slums Duck","0.99",5,"48.78"
779,15,"Sense Greek","4.99",4,"47.93"
721,12,"Reds Pocus","4.99",7,"47.92"
503,15,"Kramer Chocolate","2.99",3,"47.91"
5,8,"African Egg","2.99",6,"47.89"
232,10,"Dirty Ace","2.99",7,"47.87"
546,10,"Madre Gables","2.99",7,"47.87"
988,16,"Worker Tarzan","2.99",7,"47.86"
345,8,"Gables Metropolis","0.99",3,"47.83"
406,10,"Haunting Pianist","0.99",5,"47.80"
945,6,"Virginian Pluto","0.99",5,"47.75"
384,12,"Grosse Wonderful","4.99",5,"46.92"
984,9,"Wonderful Drop","2.99",3,"46.92"
905,5,"Trainspotting Strangers","4.99",7,"46.91"
837,5,"Stage World","2.99",4,"46.90"
793,1,"Shrunk Divine","2.99",6,"46.87"
900,9,"Town Ark","2.99",6,"46.87"
16,9,"Alley Evolution","2.99",6,"46.87"
111,1,"Caddyshack Jedi","0.99",3,"46.86"
913,13,"Troopers Metal","0.99",3,"46.86"
458,8,"Indian Love","0.99",4,"46.85"
623,9,"Newton Labyrinth","0.99",4,"46.84"
388,5,"Gunfight Moon","0.99",5,"46.79"
156,6,"Clerks Angels","4.99",3,"45.94"
124,3,"Casper Dragonfly","4.99",3,"45.93"
104,9,"Bugsy Song","2.99",4,"45.91"
528,8,"Lolita World","2.99",4,"45.91"
209,7,"Darkness War","2.99",6,"45.88"
927,1,"Uprising Uptown","2.99",6,"45.87"
681,15,"Pirates Roxanne","0.99",4,"45.81"
197,15,"Crusade Honey","2.99",4,"44.93"
211,10,"Darling Breaking","4.99",7,"44.92"
826,16,"Speed Suit","4.99",7,"44.92"
788,6,"Ship Wonderland","2.99",5,"44.86"
436,13,"Hours Rage","0.99",4,"44.82"
256,15,"Drop Waterfront","4.99",6,"43.92"
30,11,"Anything Savannah","2.99",4,"43.92"
692,2,"Potluck Mixed","2.99",3,"43.90"
573,3,"Microcosmos Paradise","2.99",6,"43.88"
673,12,"Personal Ladybugs","0.99",3,"43.87"
201,9,"Cyclone Family","2.99",7,"43.87"
333,12,"Freaky Pocus","2.99",7,"43.86"
784,16,"Shanghai Tycoon","2.99",7,"43.86"
925,6,"United Pilot","0.99",3,"43.85"
363,12,"Go Purple","0.99",3,"43.83"
650,6,"Pacific Amistad","0.99",3,"43.81"
367,14,"Goldmine Tycoon","0.99",6,"43.76"
470,2,"Ishtar Rocketeer","4.99",4,"42.94"
750,13,"Run Pacific","0.99",3,"42.91"
960,6,"Wars Pluto","2.99",5,"42.90"
589,6,"Modern Dorado","0.99",3,"42.88"
770,9,"Scissorhands Slums","2.99",5,"42.88"
296,14,"Express Lonely","2.99",5,"42.88"
287,1,"Entrapment Satisfaction","0.99",5,"42.87"
847,13,"Stock Glass","2.99",7,"42.87"
373,3,"Graduate Lord","2.99",7,"42.87"
921,12,"Uncut Suicides","2.99",7,"42.87"
526,16,"Lock Rear","2.99",7,"42.86"
504,7,"Kwai Homeward","0.99",5,"42.80"
951,4,"Voyage Legally","0.99",6,"42.75"
849,2,"Storm Happiness","0.99",6,"42.74"
703,2,"Punk Divorce","4.99",6,"41.93"
431,9,"Hoosiers Birdcage","2.99",3,"41.92"
582,2,"Miracle Virtual","2.99",3,"41.92"
435,9,"Hotel Happiness","4.99",6,"41.92"
96,13,"Breaking Home","2.99",4,"41.90"
825,1,"Speakeasy Date","2.99",6,"41.89"
660,5,"Party Knock","2.99",7,"41.88"
213,8,"Date Speed","0.99",4,"41.88"
505,3,"Labyrinth League","2.99",6,"41.87"
39,14,"Armageddon Lost","0.99",5,"41.80"
161,12,"Clue Grail","4.99",6,"40.93"
47,9,"Baby Hall","4.99",5,"40.93"
289,13,"Eve Resurrection","4.99",5,"40.93"
685,13,"Platoon Instinct","4.99",6,"40.92"
565,9,"Matrix Snowman","4.99",6,"40.92"
375,1,"Grail Frankenstein","2.99",4,"40.92"
876,11,"Tarzan Videotape","2.99",3,"40.92"
337,9,"Frida Slipper","2.99",6,"40.90"
658,11,"Paris Weekend","2.99",7,"40.88"
962,4,"Wasteland Divine","2.99",7,"40.88"
328,3,"Forever Candidate","2.99",7,"40.88"
442,8,"Hunting Musketeers","2.99",6,"40.88"
383,15,"Groove Fiction","0.99",6,"40.83"
906,5,"Tramp Others","0.99",4,"40.82"
54,12,"Banger Pinocchio","0.99",5,"40.80"
273,8,"Effect Gladiator","0.99",6,"40.79"
833,3,"Splendor Patton","0.99",5,"40.79"
687,6,"Pocus Pulp","0.99",6,"40.75"
884,12,"Terminator Club","4.99",5,"39.94"
485,3,"Jersey Sassy","4.99",6,"39.94"
316,10,"Fire Wolves","4.99",5,"39.93"
466,6,"Intolerable Intentions","4.99",6,"39.93"
515,3,"Legally Secretary","4.99",7,"39.92"
422,14,"Hollow Jeopardy","4.99",7,"39.92"
740,11,"Rollercoaster Bringing","2.99",5,"39.91"
530,1,"Lord Arizona","2.99",5,"39.90"
394,14,"Hamlet Wisdom","2.99",7,"39.88"
829,8,"Spinal Rocky","2.99",7,"39.87"
652,4,"Pajama Jawbreaker","0.99",3,"39.86"
110,3,"Cabin Flash","0.99",4,"39.86"
233,16,"Disciple Mother","0.99",3,"39.82"
602,14,"Mourning Purple","0.99",5,"39.81"
472,16,"Italian African","4.99",3,"38.94"
719,15,"Records Zorro","4.99",7,"38.93"
828,4,"Spiking Element","2.99",7,"38.88"
574,1,"Midnight Westward","0.99",3,"38.84"
160,2,"Club Graffiti","0.99",4,"38.82"
282,7,"Encounters Curtain","0.99",5,"38.82"
982,1,"Women Dorado","0.99",4,"38.81"
191,3,"Crooked Frogmen","0.99",6,"38.79"
677,13,"Pianist Outfield","0.99",6,"38.78"
372,15,"Graceland Dynamite","4.99",5,"37.94"
939,5,"Vertigo Northwest","2.99",4,"37.92"
364,13,"Godfather Diary","2.99",3,"37.92"
522,5,"Life Twisted","2.99",4,"37.92"
815,4,"Snatchers Montezuma","2.99",4,"37.91"
700,8,"Prix Undefeated","2.99",4,"37.90"
792,9,"Shrek License","2.99",7,"37.88"
744,4,"Roots Remember","0.99",4,"37.86"
488,15,"Joon Northwest","0.99",3,"37.84"
164,6,"Coast Rainbow","0.99",4,"37.82"
119,5,"Caper Motions","0.99",6,"37.77"
12,12,"Alaska Phantom","0.99",6,"37.77"
268,2,"Early Home","4.99",6,"36.94"
817,14,"Soldiers Evolution","4.99",7,"36.93"
279,15,"Elizabeth Shane","4.99",7,"36.93"
257,16,"Drumline Cyclone","0.99",3,"36.90"
618,7,"Necklace Outbreak","0.99",3,"36.86"
40,6,"Army Flintstones","0.99",4,"36.86"
552,6,"Majestic Floats","0.99",5,"36.85"
864,3,"Sundance Invasion","0.99",5,"36.82"
467,9,"Intrigue Worst","0.99",6,"36.81"
461,2,"Insects Stone","0.99",3,"36.81"
790,7,"Shootist Superfly","0.99",6,"36.77"
970,4,"Westward Seabiscuit","0.99",7,"36.75"
697,1,"Primary Glass","0.99",7,"36.73"
340,13,"Frontier Cabin","4.99",6,"35.94"
102,15,"Bubble Grosse","4.99",4,"35.94"
769,9,"School Jacket","4.99",5,"35.94"
695,8,"President Bang","4.99",6,"35.94"
360,1,"Glass Dying","0.99",4,"35.88"
303,1,"Fantasy Troopers","0.99",6,"35.79"
850,1,"Story Side","0.99",7,"35.74"
595,9,"Moon Bunch","0.99",7,"35.74"
278,12,"Elf Murder","4.99",4,"34.94"
3,6,"Adaptation Holes","2.99",7,"34.89"
549,1,"Magnolia Forrester","0.99",4,"34.89"
241,2,"Donnie Alley","0.99",4,"34.87"
452,9,"Illusion Amelie","0.99",4,"34.87"
877,12,"Taxi Kick","0.99",4,"34.83"
457,6,"Independence Hotel","0.99",5,"34.82"
270,13,"Earth Vision","0.99",7,"34.77"
122,11,"Carrie Bunch","0.99",7,"34.77"
200,10,"Curtain Videotape","0.99",7,"34.77"
875,15,"Talented Homicide","0.99",6,"34.76"
310,10,"Fever Empire","4.99",5,"33.95"
952,6,"Wagon Jaws","2.99",7,"33.91"
550,8,"Maguire Apache","2.99",6,"33.91"
187,15,"Cranes Reservoir","2.99",5,"33.91"
80,8,"Blanket Beverly","2.99",7,"33.90"
577,15,"Mile Mulan","0.99",4,"33.89"
832,8,"Splash Gump","0.99",5,"33.86"
963,2,"Watch Tracy","0.99",5,"33.85"
524,5,"Lion Uncut","0.99",6,"33.83"
1,6,"Academy Dinosaur","0.99",6,"33.79"
976,10,"Wind Phantom","0.99",6,"33.79"
411,12,"Heavenly Gun","4.99",5,"32.94"
883,3,"Tequila Past","4.99",6,"32.94"
106,10,"Bulworth Commandments","2.99",4,"32.93"
540,12,"Lucky Flying","2.99",7,"32.90"
848,16,"Stone Fire","0.99",3,"32.90"
553,3,"Maker Gables","0.99",4,"32.90"
756,5,"Saddle Antitrust","2.99",7,"32.89"
736,8,"Robbery Bright","0.99",4,"32.88"
840,10,"Stampede Disturbing","0.99",5,"32.86"
862,4,"Summer Scarface","0.99",5,"32.86"
949,10,"Volcano Texas","0.99",6,"32.81"
19,1,"Amadeus Holy","0.99",6,"32.80"
224,16,"Desperate Trainspotting","4.99",7,"31.94"
248,6,"Dozen Lion","4.99",6,"31.94"
405,16,"Haunted Antitrust","4.99",6,"31.94"
182,5,"Control Anthem","4.99",7,"31.94"
758,7,"Saints Bride","2.99",5,"31.92"
225,7,"Destination Jerk","0.99",3,"31.92"
306,10,"Feathers Metal","0.99",3,"31.91"
714,14,"Random Go","2.99",6,"31.91"
413,5,"Hedwig Alter","2.99",7,"31.90"
576,6,"Mighty Luck","2.99",7,"31.90"
819,12,"Song Hedwig","0.99",3,"31.90"
617,8,"Natural Stock","0.99",4,"31.88"
732,1,"Rings Heartbreakers","0.99",5,"31.87"
85,6,"Bonnie Holocaust","0.99",4,"31.85"
948,13,"Voice Peach","0.99",6,"31.83"
646,10,"Outbreak Divine","0.99",6,"31.82"
132,14,"Chainsaw Uptown","0.99",6,"31.81"
176,15,"Congeniality Quest","0.99",6,"31.81"
309,8,"Feud Frogmen","0.99",6,"31.80"
781,10,"Seven Swarm","4.99",4,"30.95"
82,8,"Blood Argonauts","0.99",3,"30.93"
490,13,"Jumanji Blade","2.99",4,"30.92"
604,5,"Mulan Moon","0.99",4,"30.89"
886,2,"Theory Mermaid","0.99",5,"30.88"
299,16,"Factory Dragon","0.99",4,"30.85"
560,10,"Mars Roman","0.99",6,"30.83"
140,14,"Cheaper Clyde","0.99",6,"30.83"
18,2,"Alter Victory","0.99",6,"30.80"
387,10,"Gun Bonnie","0.99",7,"30.79"
11,9,"Alamo Videotape","0.99",6,"30.78"
393,6,"Halloween Nuts","2.99",6,"29.92"
368,7,"Gone Trouble","2.99",7,"29.92"
726,9,"Reservoir Adaptation","2.99",7,"29.91"
978,5,"Wisdom Worker","0.99",3,"29.91"
761,3,"Santa Paris","2.99",7,"29.90"
928,3,"Uptown Young","2.99",5,"29.90"
794,1,"Side Ark","0.99",5,"29.88"
747,10,"Roxanne Rebel","0.99",5,"29.83"
79,7,"Blade Polish","0.99",5,"29.81"
143,7,"Chill Luck","0.99",6,"29.79"
541,2,"Luke Mummy","2.99",5,"28.93"
185,9,"Cowboy Doom","2.99",3,"28.93"
926,6,"Untouchables Sunrise","2.99",5,"28.93"
264,10,"Dwarfs Alter","2.99",6,"28.92"
146,7,"Chitty Lock","2.99",6,"28.92"
983,12,"Won Dares","2.99",7,"28.91"
482,4,"Jeopardy Encino","0.99",3,"28.90"
896,3,"Tootsie Pilot","0.99",3,"28.88"
205,1,"Dances None","0.99",3,"28.87"
534,8,"Louisiana Harry","0.99",5,"28.84"
130,1,"Celebrity Horn","0.99",7,"28.79"
786,3,"Shepherd Midsummer","0.99",7,"28.77"
459,9,"Informer Double","4.99",4,"27.95"
29,1,"Antitrust Tomatoes","2.99",5,"27.93"
656,16,"Papi Necklace","0.99",3,"27.93"
836,15,"Squad Fish","2.99",3,"27.93"
240,14,"Dolls Rage","2.99",7,"27.92"
585,7,"Mob Duffel","0.99",4,"27.90"
581,12,"Minority Kiss","0.99",4,"27.89"
250,1,"Dragon Squad","0.99",4,"27.89"
155,13,"Cleopatra Devil","0.99",6,"27.85"
717,1,"Rear Trading","0.99",6,"27.85"
743,2,"Room Roman","0.99",7,"27.82"
416,9,"Highball Potter","0.99",6,"27.81"
118,2,"Canyon Stock","0.99",7,"27.81"
281,10,"Encino Elf","0.99",6,"27.81"
377,8,"Grease Youth","0.99",7,"27.80"
699,10,"Private Drop","4.99",7,"26.95"
674,9,"Pet Haunting","0.99",3,"26.92"
208,2,"Dares Pluto","2.99",7,"26.92"
923,7,"Unfaithful Kill","2.99",7,"26.92"
188,5,"Crazy Home","2.99",7,"26.91"
315,8,"Finding Anaconda","0.99",4,"26.90"
291,15,"Evolution Alter","0.99",5,"26.88"
280,3,"Empire Malkovich","0.99",7,"26.81"
149,3,"Christmas Moonshine","0.99",7,"26.81"
107,7,"Bunch Minds","2.99",4,"25.95"
684,10,"Pizza Jumanji","2.99",4,"25.94"
223,2,"Desire Alien","2.99",7,"25.92"
907,7,"Translation Summer","0.99",4,"25.87"
600,11,"Motions Details","0.99",5,"25.87"
89,2,"Borrowers Bedazzled","0.99",7,"25.80"
741,12,"Roman Punk","0.99",7,"25.79"
904,11,"Train Bunch","4.99",3,"24.96"
32,13,"Apocalypse Flamingos","4.99",6,"24.95"
903,16,"Traffic Hobbit","4.99",5,"24.95"
441,6,"Hunter Alter","2.99",5,"24.95"
62,6,"Bed Highball","2.99",5,"24.94"
230,7,"Diary Panic","2.99",7,"24.92"
990,11,"World Leathernecks","0.99",3,"24.92"
636,12,"Oleander Clue","0.99",5,"24.91"
629,6,"Notorious Reunion","0.99",7,"24.87"
258,11,"Drums Dynamite","0.99",6,"24.87"
809,15,"Slipper Fidelity","0.99",5,"24.86"
562,12,"Masked Bubble","0.99",6,"24.81"
727,8,"Resurrection Silverado","0.99",6,"24.81"
218,7,"Deceiver Betrayed","0.99",7,"24.80"
981,16,"Wolves Desire","0.99",7,"24.79"
238,3,"Doctor Grail","2.99",4,"23.95"
558,13,"Mannequin Worst","2.99",3,"23.95"
125,16,"Cassidy Wyoming","2.99",5,"23.94"
136,13,"Chaplin License","2.99",7,"23.92"
163,13,"Clyde Theory","0.99",4,"23.92"
76,12,"Birdcage Casper","0.99",4,"23.91"
722,11,"Reef Salute","0.99",5,"23.89"
492,13,"Jungle Closer","0.99",6,"23.88"
424,3,"Holocaust Highball","0.99",6,"23.84"
427,6,"Homeward Cider","0.99",5,"23.84"
517,15,"Lesson Cleopatra","0.99",3,"22.94"
399,9,"Happiness United","2.99",6,"22.94"
297,4,"Extraordinary Conquerer","2.99",6,"22.94"
622,6,"Newsies Story","0.99",4,"22.93"
53,8,"Bang Kwai","2.99",5,"22.93"
787,16,"Shining Roses","0.99",4,"22.92"
766,7,"Savannah Town","0.99",5,"22.90"
290,9,"Everyone Craft","0.99",4,"22.89"
992,6,"Wrath Mile","0.99",5,"22.87"
535,11,"Love Suicides","0.99",6,"22.85"
924,14,"Unforgiven Zoolander","0.99",7,"22.84"
249,4,"Dracula Crystal","0.99",7,"22.81"
237,15,"Divorce Shining","2.99",3,"21.95"
513,16,"Leathernecks Dwarfs","2.99",6,"21.94"
498,8,"Killer Innocent","2.99",7,"21.94"
675,13,"Phantom Glory","2.99",6,"21.94"
959,3,"Warlock Werewolf","2.99",6,"21.94"
605,9,"Mulholland Beast","2.99",7,"21.93"
539,7,"Luck Opus","2.99",7,"21.93"
34,11,"Arabia Dogma","0.99",6,"21.88"
153,14,"Citizen Shrek","0.99",7,"21.87"
942,7,"Vietnam Smoochy","0.99",7,"21.86"
105,1,"Bull Shawshank","0.99",6,"21.84"
663,4,"Patient Sister","0.99",7,"21.82"
259,2,"Duck Racer","2.99",4,"20.95"
610,8,"Music Boondock","0.99",7,"20.83"
479,8,"Jedi Beneath","0.99",7,"20.82"
97,1,"Bride Intrigue","0.99",7,"20.82"
352,10,"Gathering Calendar","0.99",4,"19.90"
593,11,"Monterey Labyrinth","0.99",6,"19.89"
821,9,"Sorority Queen","0.99",6,"19.88"
440,9,"Hunger Roof","0.99",6,"19.88"
882,7,"Tenenbaums Command","0.99",4,"19.88"
634,8,"Odds Boogie","0.99",6,"19.87"
894,16,"Tomatoes Hellfighters","0.99",6,"19.86"
799,11,"Simon North","0.99",3,"18.94"
754,5,"Rushmore Mermaid","2.99",6,"18.94"
569,2,"Menagerie Rushmore","2.99",7,"18.94"
454,12,"Impact Aladdin","0.99",6,"18.92"
834,6,"Spoilers Hellfighters","0.99",4,"18.91"
831,14,"Spirited Casualties","0.99",5,"18.90"
509,3,"Language Cowboy","0.99",5,"18.90"
186,7,"Craft Outfield","0.99",6,"18.86"
688,3,"Polish Brooklyn","0.99",6,"18.85"
520,14,"License Weekend","2.99",7,"17.94"
507,10,"Ladybugs Armageddon","0.99",4,"17.94"
547,3,"Magic Mallrats","0.99",3,"17.93"
613,5,"Mystic Truman","0.99",5,"17.92"
425,4,"Holy Tadpole","0.99",6,"17.92"
357,4,"Gilbert Pelican","0.99",7,"17.91"
283,13,"Ending Crowds","0.99",6,"17.90"
430,2,"Hook Chariots","0.99",7,"17.87"
855,6,"Streak Ridgemont","0.99",7,"17.87"
27,15,"Anonymous Human","0.99",7,"17.87"
696,2,"Pride Alamo","0.99",6,"17.85"
812,6,"Smoking Barbarella","0.99",7,"17.84"
180,4,"Conspiracy Spirit","2.99",4,"16.95"
94,8,"Braveheart Human","2.99",7,"16.95"
343,3,"Full Flatliners","2.99",6,"16.95"
997,12,"Youth Kick","0.99",4,"16.94"
868,16,"Superfly Trip","0.99",5,"16.91"
339,16,"Frogmen Breaking","0.99",5,"16.90"
66,3,"Beneath Rush","0.99",6,"16.90"
538,13,"Loverboy Attacks","0.99",7,"16.89"
598,15,"Mosquito Armageddon","0.99",6,"16.89"
64,7,"Beethoven Exorcist","0.99",6,"16.89"
348,8,"Gandhi Kwai","0.99",7,"16.87"
795,8,"Siege Madre","0.99",7,"16.86"
584,9,"Mixed Doors","2.99",6,"15.96"
400,6,"Hardly Robbers","2.99",7,"15.96"
612,15,"Mussolini Spoilers","2.99",6,"15.95"
974,13,"Wild Apollo","0.99",4,"15.94"
511,1,"Lawrence Love","0.99",7,"15.87"
797,12,"Silence Kane","0.99",7,"15.85"
362,10,"Glory Tracy","2.99",7,"14.95"
808,4,"Sling Luke","0.99",5,"14.94"
935,13,"Vanished Garden","0.99",5,"14.94"
752,12,"Runner Madigan","0.99",6,"14.92"
194,1,"Crow Grease","0.99",6,"14.89"
63,8,"Bedazzled Married","0.99",6,"14.88"
813,15,"Smoochy Control","0.99",7,"14.88"
762,10,"Sassy Packer","0.99",6,"14.88"
379,7,"Greedy Roots","0.99",7,"14.87"
830,11,"Spirit Flintstones","0.99",7,"14.86"
262,8,"Dumbo Lust","0.99",5,"13.94"
965,11,"Watership Frontier","0.99",6,"13.94"
493,9,"Kane Exorcist","0.99",5,"13.88"
423,3,"Hollywood Anonymous","0.99",7,"13.87"
407,6,"Hawk Chill","0.99",5,"12.94"
516,12,"Legend Jedi","0.99",7,"12.92"
630,7,"Notting Speakeasy","0.99",7,"12.91"
940,15,"Victory Academy","0.99",6,"12.91"
931,16,"Valentine Vanishing","0.99",7,"12.90"
947,9,"Vision Torque","0.99",5,"11.94"
822,8,"Soup Wisdom","0.99",6,"11.93"
866,8,"Sunset Racer","0.99",6,"11.93"
751,13,"Runaway Tenenbaums","0.99",6,"11.93"
594,1,"Montezuma Command","0.99",6,"11.91"
157,3,"Clockwork Paradise","0.99",7,"11.90"
566,9,"Maude Mod","0.99",6,"10.93"
998,11,"Zhivago Core","0.99",6,"10.93"
477,12,"Jawbreaker Brooklyn","0.99",5,"10.91"
899,4,"Towers Hurricane","0.99",7,"10.91"
168,3,"Comancheros Enemy","0.99",5,"9.94"
52,9,"Ballroom Mockingbird","0.99",6,"9.93"
178,5,"Connection Microcosmos","0.99",6,"8.95"
401,7,"Harold French","0.99",6,"8.93"
355,2,"Ghostbusters Elf","0.99",7,"8.93"
839,14,"Stallion Sundance","0.99",5,"7.94"
475,11,"Japanese Run","0.99",6,"7.94"
523,4,"Lights Deer","0.99",7,"7.93"
910,7,"Treatment Jekyll","0.99",3,"6.94"
196,4,"Cruelty Unforgiven","0.99",7,"6.94"
718,12,"Rebel Airport","0.99",7,"6.93"
996,6,"Young Language","0.99",6,"6.93"
335,5,"Freedom Cleopatra","0.99",5,"5.95"
635,13,"Oklahoma Jumanji","0.99",7,"5.94"
261,6,"Duffel Apocalypse","0.99",5,"5.94"
885,11,"Texas Watch","0.99",7,"5.94"
